Model,MAE,RMSE,R2 Score
Linear Regression,970043.4039201636,1324506.9600914386,0.6529242642153184
Random Forest Regressor,1010647.3640672783,1391619.2131186817,0.6168607933155569
