Model,MAE,RMSE,MAPE,Forecast Month 1,Forecast Month 2,Forecast Month 3
Prophet fallback - trend/month regression,14681.463161111084,18498.313584171752,17.66981260969345,37040.381233333406,28310.252683333467,62860.87063333338
XGBoost fallback - RandomForest lags,18946.859965175277,22415.968472177556,22.795353897053428,27079.43509119841,26154.216046690082,43826.75083603212
SARIMA fallback - seasonal naive,20867.492566666668,23680.579563242565,26.15394431913432,43476.474,19920.9974,58863.4128
